year,pop.,exp. treatment,seed no,pop. size,ln pop. size
2016,BBR,1,0,18,2.89037175789616
2016,BBR,1,3,18,2.89037175789616
2016,BBR,1,14,18,2.89037175789616
2016,BBR,1,0,18,2.89037175789616
2016,BBR,1,1,18,2.89037175789616
2016,BBR,1,0,18,2.89037175789616
2016,BBR,1,23,18,2.89037175789616
2016,BBR,1,0,18,2.89037175789616
2016,BBR,1,14,18,2.89037175789616
2016,BBR,1,3,18,2.89037175789616
2016,BBR,2,18,18,2.89037175789616
2016,BBR,2,17,18,2.89037175789616
2016,BBR,2,16,18,2.89037175789616
2016,BBR,2,17,18,2.89037175789616
2016,BBR,2,12,18,2.89037175789616
2016,BBR,2,17,18,2.89037175789616
2016,BBR,2,28,18,2.89037175789616
2016,BBR,2,26,18,2.89037175789616
2016,BBR,2,26,18,2.89037175789616
2016,BBR,4,15,18,2.89037175789616
2016,BBR,4,3,18,2.89037175789616
2016,BBR,4,0,18,2.89037175789616
2016,BBR,4,24,18,2.89037175789616
2016,BBR,4,11,18,2.89037175789616
2016,BBR,5,9,18,2.89037175789616
2016,BBR,5,0,18,2.89037175789616
2016,BBR,5,0,18,2.89037175789616
2016,BBR,5,0,18,2.89037175789616
2016,BBR,5,0,18,2.89037175789616
2016,BBR,5,0,18,2.89037175789616
2016,BBR,5,0,18,2.89037175789616
2016,BIA,1,18,50,3.91202300542815
2016,BIA,1,16,50,3.91202300542815
2016,BIA,1,13,50,3.91202300542815
2016,BIA,1,19,50,3.91202300542815
2016,BIA,1,16,50,3.91202300542815
2016,BIA,1,17,50,3.91202300542815
2016,BIA,1,13,50,3.91202300542815
2016,BIA,1,16,50,3.91202300542815
2016,BIA,1,14,50,3.91202300542815
2016,BIA,1,17,50,3.91202300542815
2016,BIA,1,11,50,3.91202300542815
2016,BIA,1,0,50,3.91202300542815
2016,BIA,1,11,50,3.91202300542815
2016,BIA,1,13,50,3.91202300542815
2016,BIA,1,14,50,3.91202300542815
2016,BIA,2,7,50,3.91202300542815
2016,BIA,2,2,50,3.91202300542815
2016,BIA,2,11,50,3.91202300542815
2016,BIA,2,1,50,3.91202300542815
2016,BIA,2,3,50,3.91202300542815
2016,BIA,2,8,50,3.91202300542815
2016,BIA,2,17,50,3.91202300542815
2016,BIA,2,6,50,3.91202300542815
2016,BIA,2,0,50,3.91202300542815
2016,BIA,2,9,50,3.91202300542815
2016,BIA,2,12,50,3.91202300542815
2016,BIA,2,3,50,3.91202300542815
2016,BIA,2,8,50,3.91202300542815
2016,BIA,2,0,50,3.91202300542815
2016,BIA,3,18,50,3.91202300542815
2016,BIA,3,9,50,3.91202300542815
2016,BIA,3,11,50,3.91202300542815
2016,BIA,3,11,50,3.91202300542815
2016,BIA,3,20,50,3.91202300542815
2016,BIA,4,0,50,3.91202300542815
2016,BIA,4,5,50,3.91202300542815
2016,BIA,4,0,50,3.91202300542815
2016,BIA,4,1,50,3.91202300542815
2016,BIA,4,0,50,3.91202300542815
2016,BIA,4,9,50,3.91202300542815
2016,BIA,4,0,50,3.91202300542815
2016,BIA,4,0,50,3.91202300542815
2016,BIA,4,0,50,3.91202300542815
2016,BIA,4,5,50,3.91202300542815
2016,BIA,4,0,50,3.91202300542815
2016,BIA,4,0,50,3.91202300542815
2016,BIA,4,0,50,3.91202300542815
2016,BIA,4,0,50,3.91202300542815
2016,BIA,4,1,50,3.91202300542815
2016,BIA,4,2,50,3.91202300542815
2016,BIA,4,0,50,3.91202300542815
2016,BIA,4,0,50,3.91202300542815
2016,BIA,5,1,50,3.91202300542815
2016,BIA,5,0,50,3.91202300542815
2016,BIA,5,0,50,3.91202300542815
2016,BIA,5,0,50,3.91202300542815
2016,BIA,5,0,50,3.91202300542815
2016,BIA,5,0,50,3.91202300542815
2016,BIA,5,0,50,3.91202300542815
2016,BIA,5,0,50,3.91202300542815
2016,BIA,5,0,50,3.91202300542815
2016,BIA,5,0,50,3.91202300542815
2016,BIA,5,0,50,3.91202300542815
2016,BIA,5,0,50,3.91202300542815
2016,BIA,5,0,50,3.91202300542815
2016,BIA,5,0,50,3.91202300542815
2016,BIA,5,0,50,3.91202300542815
2016,BIA,5,0,50,3.91202300542815
2016,BIA,5,0,50,3.91202300542815
2016,BIA,5,0,50,3.91202300542815
2016,BIA,5,0,50,3.91202300542815
2016,BOB,1,15,310,5.73657229747919
2016,BOB,1,14,310,5.73657229747919
2016,BOB,1,15,310,5.73657229747919
2016,BOB,1,14,310,5.73657229747919
2016,BOB,1,6,310,5.73657229747919
2016,BOB,1,17,310,5.73657229747919
2016,BOB,1,7,310,5.73657229747919
2016,BOB,1,10,310,5.73657229747919
2016,BOB,1,21,310,5.73657229747919
2016,BOB,1,14,310,5.73657229747919
2016,BOB,1,14,310,5.73657229747919
2016,BOB,1,7,310,5.73657229747919
2016,BOB,1,21,310,5.73657229747919
2016,BOB,1,15,310,5.73657229747919
2016,BOB,1,19,310,5.73657229747919
2016,BOB,1,0,310,5.73657229747919
2016,BOB,2,13,310,5.73657229747919
2016,BOB,2,16,310,5.73657229747919
2016,BOB,2,19,310,5.73657229747919
2016,BOB,2,5,310,5.73657229747919
2016,BOB,2,9,310,5.73657229747919
2016,BOB,2,6,310,5.73657229747919
2016,BOB,2,4,310,5.73657229747919
2016,BOB,2,20,310,5.73657229747919
2016,BOB,2,16,310,5.73657229747919
2016,BOB,2,18,310,5.73657229747919
2016,BOB,2,3,310,5.73657229747919
2016,BOB,2,18,310,5.73657229747919
2016,BOB,3,6,310,5.73657229747919
2016,BOB,3,10,310,5.73657229747919
2016,BOB,3,18,310,5.73657229747919
2016,BOB,3,10,310,5.73657229747919
2016,BOB,3,12,310,5.73657229747919
2016,BOB,3,13,310,5.73657229747919
2016,BOB,3,20,310,5.73657229747919
2016,BOB,3,11,310,5.73657229747919
2016,BOB,3,13,310,5.73657229747919
2016,BOB,3,11,310,5.73657229747919
2016,BOB,3,15,310,5.73657229747919
2016,BOB,3,20,310,5.73657229747919
2016,BOB,3,16,310,5.73657229747919
2016,BOB,3,0,310,5.73657229747919
2016,BOB,4,0,310,5.73657229747919
2016,BOB,4,1,310,5.73657229747919
2016,BOB,4,3,310,5.73657229747919
2016,BOB,4,2,310,5.73657229747919
2016,BOB,4,1,310,5.73657229747919
2016,BOB,4,0,310,5.73657229747919
2016,BOB,4,1,310,5.73657229747919
2016,BOB,4,1,310,5.73657229747919
2016,BOB,4,9,310,5.73657229747919
2016,BOB,4,7,310,5.73657229747919
2016,BOB,4,2,310,5.73657229747919
2016,BOB,4,0,310,5.73657229747919
2016,BOB,4,0,310,5.73657229747919
2016,BOB,4,0,310,5.73657229747919
2016,BOB,4,0,310,5.73657229747919
2016,BOB,4,0,310,5.73657229747919
2016,BOB,4,0,310,5.73657229747919
2016,BOB,4,0,310,5.73657229747919
2016,BOB,4,0,310,5.73657229747919
2016,BOB,5,0,310,5.73657229747919
2016,BOB,5,0,310,5.73657229747919
2016,BOB,5,0,310,5.73657229747919
2016,BOB,5,0,310,5.73657229747919
2016,BOB,5,0,310,5.73657229747919
2016,BOB,5,2,310,5.73657229747919
2016,BOB,5,0,310,5.73657229747919
2016,BOB,5,0,310,5.73657229747919
2016,BOB,5,0,310,5.73657229747919
2016,BOB,5,0,310,5.73657229747919
2016,BOB,5,0,310,5.73657229747919
2016,BOB,5,1,310,5.73657229747919
2016,BOB,5,2,310,5.73657229747919
2016,BOB,5,0,310,5.73657229747919
2016,BOB,5,0,310,5.73657229747919
2016,BOB,5,0,310,5.73657229747919
2016,BOB,5,0,310,5.73657229747919
2016,BOB,5,0,310,5.73657229747919
2016,BOB,5,0,310,5.73657229747919
2016,CZL,1,16,600,6.39692965521615
2016,CZL,1,20,600,6.39692965521615
2016,CZL,1,23,600,6.39692965521615
2016,CZL,1,27,600,6.39692965521615
2016,CZL,1,29,600,6.39692965521615
2016,CZL,1,17,600,6.39692965521615
2016,CZL,1,13,600,6.39692965521615
2016,CZL,1,20,600,6.39692965521615
2016,CZL,1,8,600,6.39692965521615
2016,CZL,1,17,600,6.39692965521615
2016,CZL,1,22,600,6.39692965521615
2016,CZL,1,23,600,6.39692965521615
2016,CZL,1,13,600,6.39692965521615
2016,CZL,1,12,600,6.39692965521615
2016,CZL,1,9,600,6.39692965521615
2016,CZL,1,21,600,6.39692965521615
2016,CZL,2,27,600,6.39692965521615
2016,CZL,2,22,600,6.39692965521615
2016,CZL,2,23,600,6.39692965521615
2016,CZL,2,23,600,6.39692965521615
2016,CZL,2,14,600,6.39692965521615
2016,CZL,2,25,600,6.39692965521615
2016,CZL,2,21,600,6.39692965521615
2016,CZL,2,7,600,6.39692965521615
2016,CZL,2,18,600,6.39692965521615
2016,CZL,2,33,600,6.39692965521615
2016,CZL,2,25,600,6.39692965521615
2016,CZL,2,12,600,6.39692965521615
2016,CZL,2,21,600,6.39692965521615
2016,CZL,2,15,600,6.39692965521615
2016,CZL,2,22,600,6.39692965521615
2016,CZL,2,13,600,6.39692965521615
2016,CZL,2,17,600,6.39692965521615
2016,CZL,2,23,600,6.39692965521615
2016,CZL,2,14,600,6.39692965521615
2016,CZL,3,15,600,6.39692965521615
2016,CZL,3,20,600,6.39692965521615
2016,CZL,3,26,600,6.39692965521615
2016,CZL,3,1,600,6.39692965521615
2016,CZL,3,28,600,6.39692965521615
2016,CZL,3,21,600,6.39692965521615
2016,CZL,3,26,600,6.39692965521615
2016,CZL,3,14,600,6.39692965521615
2016,CZL,3,9,600,6.39692965521615
2016,CZL,3,29,600,6.39692965521615
2016,CZL,3,19,600,6.39692965521615
2016,CZL,3,20,600,6.39692965521615
2016,CZL,3,10,600,6.39692965521615
2016,CZL,3,10,600,6.39692965521615
2016,CZL,3,18,600,6.39692965521615
2016,CZL,3,19,600,6.39692965521615
2016,CZL,3,17,600,6.39692965521615
2016,CZL,4,4,600,6.39692965521615
2016,CZL,4,4,600,6.39692965521615
2016,CZL,4,5,600,6.39692965521615
2016,CZL,4,6,600,6.39692965521615
2016,CZL,4,0,600,6.39692965521615
2016,CZL,4,26,600,6.39692965521615
2016,CZL,4,6,600,6.39692965521615
2016,CZL,4,13,600,6.39692965521615
2016,CZL,4,3,600,6.39692965521615
2016,CZL,4,14,600,6.39692965521615
2016,CZL,4,0,600,6.39692965521615
2016,CZL,4,0,600,6.39692965521615
2016,CZL,4,0,600,6.39692965521615
2016,CZL,4,0,600,6.39692965521615
2016,CZL,4,6,600,6.39692965521615
2016,CZL,4,5,600,6.39692965521615
2016,CZL,4,5,600,6.39692965521615
2016,CZL,4,9,600,6.39692965521615
2016,CZL,4,0,600,6.39692965521615
2016,CZL,4,0,600,6.39692965521615
2016,CZL,4,0,600,6.39692965521615
2016,CZL,5,2,600,6.39692965521615
2016,CZL,5,0,600,6.39692965521615
2016,CZL,5,11,600,6.39692965521615
2016,CZL,5,3,600,6.39692965521615
2016,CZL,5,0,600,6.39692965521615
2016,CZL,5,2,600,6.39692965521615
2016,CZL,5,0,600,6.39692965521615
2016,CZL,5,0,600,6.39692965521615
2016,CZL,5,0,600,6.39692965521615
2016,CZL,5,0,600,6.39692965521615
2016,CZL,5,0,600,6.39692965521615
2016,CZL,5,0,600,6.39692965521615
2016,CZL,5,0,600,6.39692965521615
2016,CZL,5,0,600,6.39692965521615
2016,CZL,5,0,600,6.39692965521615
2016,CZL,5,0,600,6.39692965521615
2016,CZL,5,0,600,6.39692965521615
2016,CZL,5,0,600,6.39692965521615
2016,DRO,1,0,270,5.59842195899838
2016,DRO,1,15,270,5.59842195899838
2016,DRO,1,9,270,5.59842195899838
2016,DRO,1,15,270,5.59842195899838
2016,DRO,1,14,270,5.59842195899838
2016,DRO,1,7,270,5.59842195899838
2016,DRO,1,21,270,5.59842195899838
2016,DRO,1,12,270,5.59842195899838
2016,DRO,1,1,270,5.59842195899838
2016,DRO,1,12,270,5.59842195899838
2016,DRO,2,13,270,5.59842195899838
2016,DRO,2,15,270,5.59842195899838
2016,DRO,2,21,270,5.59842195899838
2016,DRO,2,11,270,5.59842195899838
2016,DRO,2,16,270,5.59842195899838
2016,DRO,2,19,270,5.59842195899838
2016,DRO,2,17,270,5.59842195899838
2016,DRO,2,8,270,5.59842195899838
2016,DRO,2,22,270,5.59842195899838
2016,DRO,2,17,270,5.59842195899838
2016,DRO,2,19,270,5.59842195899838
2016,DRO,2,11,270,5.59842195899838
2016,DRO,2,10,270,5.59842195899838
2016,DRO,2,13,270,5.59842195899838
2016,DRO,2,16,270,5.59842195899838
2016,DRO,3,0,270,5.59842195899838
2016,DRO,3,11,270,5.59842195899838
2016,DRO,3,18,270,5.59842195899838
2016,DRO,3,19,270,5.59842195899838
2016,DRO,3,15,270,5.59842195899838
2016,DRO,3,16,270,5.59842195899838
2016,DRO,3,9,270,5.59842195899838
2016,DRO,3,14,270,5.59842195899838
2016,DRO,4,0,270,5.59842195899838
2016,DRO,4,16,270,5.59842195899838
2016,DRO,4,0,270,5.59842195899838
2016,DRO,4,0,270,5.59842195899838
2016,DRO,4,0,270,5.59842195899838
2016,DRO,4,15,270,5.59842195899838
2016,DRO,4,13,270,5.59842195899838
2016,DRO,4,4,270,5.59842195899838
2016,DRO,4,18,270,5.59842195899838
2016,DRO,4,18,270,5.59842195899838
2016,DRO,4,11,270,5.59842195899838
2016,DRO,5,0,270,5.59842195899838
2016,DRO,5,6,270,5.59842195899838
2016,DRO,5,2,270,5.59842195899838
2016,DRO,5,3,270,5.59842195899838
2016,DRO,5,3,270,5.59842195899838
2016,DRO,5,8,270,5.59842195899838
2016,DRO,5,3,270,5.59842195899838
2016,KCZ,1,13,700,6.5510803350434
2016,KCZ,1,4,700,6.5510803350434
2016,KCZ,1,15,700,6.5510803350434
2016,KCZ,1,16,700,6.5510803350434
2016,KCZ,2,15,700,6.5510803350434
2016,KCZ,2,15,700,6.5510803350434
2016,KCZ,2,1,700,6.5510803350434
2016,KCZ,2,10,700,6.5510803350434
2016,KCZ,3,15,700,6.5510803350434
2016,KCZ,3,8,700,6.5510803350434
2016,KCZ,3,16,700,6.5510803350434
2016,KCZ,3,15,700,6.5510803350434
2016,KCZ,3,10,700,6.5510803350434
2016,KCZ,3,9,700,6.5510803350434
2016,KCZ,3,12,700,6.5510803350434
2016,KCZ,3,16,700,6.5510803350434
2016,KCZ,4,4,700,6.5510803350434
2016,KCZ,4,15,700,6.5510803350434
2016,KCZ,4,9,700,6.5510803350434
2016,KCZ,4,14,700,6.5510803350434
2016,KCZ,4,10,700,6.5510803350434
2016,KCZ,4,7,700,6.5510803350434
2016,KCZ,4,1,700,6.5510803350434
2016,KCZ,4,10,700,6.5510803350434
2016,KCZ,4,3,700,6.5510803350434
2016,KCZ,4,7,700,6.5510803350434
2016,KCZ,4,10,700,6.5510803350434
2016,KCZ,4,3,700,6.5510803350434
2016,KCZ,4,16,700,6.5510803350434
2016,KCZ,4,2,700,6.5510803350434
2016,KCZ,4,9,700,6.5510803350434
2016,KCZ,4,20,700,6.5510803350434
2016,KCZ,4,0,700,6.5510803350434
2016,KCZ,4,0,700,6.5510803350434
2016,KCZ,5,1,700,6.5510803350434
2016,KCZ,5,0,700,6.5510803350434
2016,KCZ,5,0,700,6.5510803350434
2016,KCZ,5,0,700,6.5510803350434
2016,KCZ,5,0,700,6.5510803350434
2016,KCZ,5,0,700,6.5510803350434
2016,KCZ,5,0,700,6.5510803350434
2016,KCZ,5,0,700,6.5510803350434
2016,KCZ,5,0,700,6.5510803350434
2016,KCZ,5,0,700,6.5510803350434
2016,KCZ,5,0,700,6.5510803350434
2016,KCZ,5,0,700,6.5510803350434
2016,KCZ,5,0,700,6.5510803350434
2016,KCZ,5,0,700,6.5510803350434
2016,KCZ,5,0,700,6.5510803350434
2016,KCZ,5,0,700,6.5510803350434
2016,KCZ,5,0,700,6.5510803350434
2016,KCZ,5,0,700,6.5510803350434
2016,KCZ,5,0,700,6.5510803350434
2016,KLE,1,32,1100,7.00306545878646
2016,KLE,1,7,1100,7.00306545878646
2016,KLE,1,0,1100,7.00306545878646
2016,KLE,1,0,1100,7.00306545878646
2016,KLE,1,0,1100,7.00306545878646
2016,KLE,1,37,1100,7.00306545878646
2016,KLE,1,0,1100,7.00306545878646
2016,KLE,1,22,1100,7.00306545878646
2016,KLE,1,23,1100,7.00306545878646
2016,KLE,1,0,1100,7.00306545878646
2016,KLE,2,17,1100,7.00306545878646
2016,KLE,2,13,1100,7.00306545878646
2016,KLE,2,18,1100,7.00306545878646
2016,KLE,2,16,1100,7.00306545878646
2016,KLE,2,24,1100,7.00306545878646
2016,KLE,2,29,1100,7.00306545878646
2016,KLE,2,11,1100,7.00306545878646
2016,KLE,2,12,1100,7.00306545878646
2016,KLE,2,0,1100,7.00306545878646
2016,KLE,2,25,1100,7.00306545878646
2016,KLE,2,24,1100,7.00306545878646
2016,KLE,2,22,1100,7.00306545878646
2016,KLE,2,0,1100,7.00306545878646
2016,KLE,3,19,1100,7.00306545878646
2016,KLE,3,0,1100,7.00306545878646
2016,KLE,3,27,1100,7.00306545878646
2016,KLE,3,0,1100,7.00306545878646
2016,KLE,3,0,1100,7.00306545878646
2016,KLE,3,22,1100,7.00306545878646
2016,KLE,3,5,1100,7.00306545878646
2016,KLE,3,3,1100,7.00306545878646
2016,KLE,3,24,1100,7.00306545878646
2016,KLE,3,0,1100,7.00306545878646
2016,KLE,3,17,1100,7.00306545878646
2016,KLE,3,10,1100,7.00306545878646
2016,KLE,3,0,1100,7.00306545878646
2016,KLE,3,24,1100,7.00306545878646
2016,KLE,4,27,1100,7.00306545878646
2016,KLE,4,0,1100,7.00306545878646
2016,KLE,4,0,1100,7.00306545878646
2016,KLE,4,0,1100,7.00306545878646
2016,KLE,4,0,1100,7.00306545878646
2016,KLE,4,0,1100,7.00306545878646
2016,KLE,4,27,1100,7.00306545878646
2016,KLE,4,0,1100,7.00306545878646
2016,KLE,4,21,1100,7.00306545878646
2016,KLE,4,0,1100,7.00306545878646
2016,KLE,4,18,1100,7.00306545878646
2016,KLE,4,5,1100,7.00306545878646
2016,KLE,4,0,1100,7.00306545878646
2016,KLE,4,0,1100,7.00306545878646
2016,KLE,4,13,1100,7.00306545878646
2016,KLE,4,5,1100,7.00306545878646
2016,KLE,4,12,1100,7.00306545878646
2016,KLE,4,15,1100,7.00306545878646
2016,KLE,4,23,1100,7.00306545878646
2016,KLE,4,0,1100,7.00306545878646
2016,KLE,4,30,1100,7.00306545878646
2016,KLE,4,4,1100,7.00306545878646
2016,KLE,5,0,1100,7.00306545878646
2016,KLE,5,25,1100,7.00306545878646
2016,KLE,5,3,1100,7.00306545878646
2016,KLE,5,29,1100,7.00306545878646
2016,KLE,5,16,1100,7.00306545878646
2016,KLE,5,3,1100,7.00306545878646
2016,KLE,5,16,1100,7.00306545878646
2016,KLE,5,4,1100,7.00306545878646
2016,KLE,5,0,1100,7.00306545878646
2016,KLE,5,11,1100,7.00306545878646
2016,KLE,5,1,1100,7.00306545878646
2016,KLE,5,10,1100,7.00306545878646
2016,KLE,5,0,1100,7.00306545878646
2016,KLE,5,0,1100,7.00306545878646
2016,KOP,1,0,100,4.60517018598809
2016,KOP,1,14,100,4.60517018598809
2016,KOP,1,3,100,4.60517018598809
2016,KOP,1,13,100,4.60517018598809
2016,KOP,2,15,100,4.60517018598809
2016,KOP,2,12,100,4.60517018598809
2016,KOP,2,3,100,4.60517018598809
2016,KOP,2,0,100,4.60517018598809
2016,KOP,2,22,100,4.60517018598809
2016,KOP,3,8,100,4.60517018598809
2016,KOP,3,14,100,4.60517018598809
2016,KOP,3,20,100,4.60517018598809
2016,KOP,3,22,100,4.60517018598809
2016,KOP,3,12,100,4.60517018598809
2016,KOP,3,14,100,4.60517018598809
2016,KOP,3,19,100,4.60517018598809
2016,KOP,3,20,100,4.60517018598809
2016,KOP,4,0,100,4.60517018598809
2016,KOP,4,4,100,4.60517018598809
2016,KOP,4,0,100,4.60517018598809
2016,KOP,4,5,100,4.60517018598809
2016,KOP,4,21,100,4.60517018598809
2016,KOP,4,9,100,4.60517018598809
2016,KOP,5,3,100,4.60517018598809
2016,KOP,5,0,100,4.60517018598809
2016,KOP,5,0,100,4.60517018598809
2016,KOP,5,0,100,4.60517018598809
2016,KOP,5,0,100,4.60517018598809
2016,KOP,5,7,100,4.60517018598809
2016,KOP,5,0,100,4.60517018598809
2016,KOP,5,0,100,4.60517018598809
2016,KOP,5,0,100,4.60517018598809
2016,KOP,5,0,100,4.60517018598809
2016,KOP,5,0,100,4.60517018598809
2016,KOP,5,0,100,4.60517018598809
2016,KOP,5,6,100,4.60517018598809
2016,KOP,5,0,100,4.60517018598809
2016,MAŁ,1,1,420,6.04025471127741
2016,MAŁ,1,23,420,6.04025471127741
2016,MAŁ,1,0,420,6.04025471127741
2016,MAŁ,1,20,420,6.04025471127741
2016,MAŁ,1,29,420,6.04025471127741
2016,MAŁ,1,3,420,6.04025471127741
2016,MAŁ,1,29,420,6.04025471127741
2016,MAŁ,1,13,420,6.04025471127741
2016,MAŁ,1,13,420,6.04025471127741
2016,MAŁ,1,19,420,6.04025471127741
2016,MAŁ,1,18,420,6.04025471127741
2016,MAŁ,2,18,420,6.04025471127741
2016,MAŁ,2,24,420,6.04025471127741
2016,MAŁ,2,0,420,6.04025471127741
2016,MAŁ,2,0,420,6.04025471127741
2016,MAŁ,2,16,420,6.04025471127741
2016,MAŁ,2,33,420,6.04025471127741
2016,MAŁ,2,15,420,6.04025471127741
2016,MAŁ,2,19,420,6.04025471127741
2016,MAŁ,2,9,420,6.04025471127741
2016,MAŁ,2,4,420,6.04025471127741
2016,MAŁ,2,16,420,6.04025471127741
2016,MAŁ,2,14,420,6.04025471127741
2016,MAŁ,2,8,420,6.04025471127741
2016,MAŁ,2,12,420,6.04025471127741
2016,MAŁ,2,18,420,6.04025471127741
2016,MAŁ,2,0,420,6.04025471127741
2016,MAŁ,3,29,420,6.04025471127741
2016,MAŁ,3,20,420,6.04025471127741
2016,MAŁ,3,25,420,6.04025471127741
2016,MAŁ,3,7,420,6.04025471127741
2016,MAŁ,3,3,420,6.04025471127741
2016,MAŁ,3,0,420,6.04025471127741
2016,MAŁ,3,0,420,6.04025471127741
2016,MAŁ,3,0,420,6.04025471127741
2016,MAŁ,3,17,420,6.04025471127741
2016,MAŁ,3,21,420,6.04025471127741
2016,MAŁ,3,20,420,6.04025471127741
2016,MAŁ,3,0,420,6.04025471127741
2016,MAŁ,3,0,420,6.04025471127741
2016,MAŁ,3,0,420,6.04025471127741
2016,MAŁ,4,6,420,6.04025471127741
2016,MAŁ,4,10,420,6.04025471127741
2016,MAŁ,4,0,420,6.04025471127741
2016,MAŁ,4,0,420,6.04025471127741
2016,MAŁ,4,7,420,6.04025471127741
2016,MAŁ,4,2,420,6.04025471127741
2016,MAŁ,4,2,420,6.04025471127741
2016,MAŁ,4,19,420,6.04025471127741
2016,MAŁ,4,0,420,6.04025471127741
2016,MAŁ,4,0,420,6.04025471127741
2016,MAŁ,4,0,420,6.04025471127741
2016,MAŁ,4,0,420,6.04025471127741
2016,MAŁ,4,0,420,6.04025471127741
2016,MAŁ,4,0,420,6.04025471127741
2016,MAŁ,4,0,420,6.04025471127741
2016,MAŁ,4,0,420,6.04025471127741
2016,MAŁ,4,0,420,6.04025471127741
2016,MAŁ,4,0,420,6.04025471127741
2016,MAŁ,5,2,420,6.04025471127741
2016,MAŁ,5,2,420,6.04025471127741
2016,MAŁ,5,3,420,6.04025471127741
2016,MAŁ,5,0,420,6.04025471127741
2016,MAŁ,5,0,420,6.04025471127741
2016,MAŁ,5,0,420,6.04025471127741
2016,MAŁ,5,0,420,6.04025471127741
2016,MAŁ,5,0,420,6.04025471127741
2016,MAŁ,5,0,420,6.04025471127741
2016,MAŁ,5,0,420,6.04025471127741
2016,MAŁ,5,0,420,6.04025471127741
2016,MAŁ,5,0,420,6.04025471127741
2016,MAŁ,5,0,420,6.04025471127741
2016,MAŁ,5,0,420,6.04025471127741
2016,MAŁ,5,0,420,6.04025471127741
2016,MAŁ,5,0,420,6.04025471127741
2016,MAŁ,5,0,420,6.04025471127741
2016,MAŁ,5,0,420,6.04025471127741
2016,MAŁ,5,0,420,6.04025471127741
2016,ORZ,1,22,10000,9.21034037197618
2016,ORZ,1,4,10000,9.21034037197618
2016,ORZ,1,30,10000,9.21034037197618
2016,ORZ,1,22,10000,9.21034037197618
2016,ORZ,1,10,10000,9.21034037197618
2016,ORZ,1,0,10000,9.21034037197618
2016,ORZ,1,25,10000,9.21034037197618
2016,ORZ,1,11,10000,9.21034037197618
2016,ORZ,1,16,10000,9.21034037197618
2016,ORZ,1,24,10000,9.21034037197618
2016,ORZ,1,15,10000,9.21034037197618
2016,ORZ,1,28,10000,9.21034037197618
2016,ORZ,1,28,10000,9.21034037197618
2016,ORZ,2,0,10000,9.21034037197618
2016,ORZ,2,17,10000,9.21034037197618
2016,ORZ,2,3,10000,9.21034037197618
2016,ORZ,2,21,10000,9.21034037197618
2016,ORZ,2,0,10000,9.21034037197618
2016,ORZ,2,4,10000,9.21034037197618
2016,ORZ,2,22,10000,9.21034037197618
2016,ORZ,2,26,10000,9.21034037197618
2016,ORZ,2,11,10000,9.21034037197618
2016,ORZ,2,7,10000,9.21034037197618
2016,ORZ,3,0,10000,9.21034037197618
2016,ORZ,3,12,10000,9.21034037197618
2016,ORZ,3,12,10000,9.21034037197618
2016,ORZ,3,0,10000,9.21034037197618
2016,ORZ,3,10,10000,9.21034037197618
2016,ORZ,3,12,10000,9.21034037197618
2016,ORZ,3,9,10000,9.21034037197618
2016,ORZ,3,21,10000,9.21034037197618
2016,ORZ,3,3,10000,9.21034037197618
2016,ORZ,3,13,10000,9.21034037197618
2016,ORZ,3,25,10000,9.21034037197618
2016,ORZ,3,16,10000,9.21034037197618
2016,ORZ,3,22,10000,9.21034037197618
2016,ORZ,3,8,10000,9.21034037197618
2016,ORZ,4,0,10000,9.21034037197618
2016,ORZ,4,0,10000,9.21034037197618
2016,ORZ,4,0,10000,9.21034037197618
2016,ORZ,4,0,10000,9.21034037197618
2016,ORZ,4,3,10000,9.21034037197618
2016,ORZ,4,0,10000,9.21034037197618
2016,ORZ,4,2,10000,9.21034037197618
2016,ORZ,4,0,10000,9.21034037197618
2016,ORZ,4,0,10000,9.21034037197618
2016,ORZ,4,0,10000,9.21034037197618
2016,ORZ,4,4,10000,9.21034037197618
2016,ORZ,4,17,10000,9.21034037197618
2016,ORZ,5,0,10000,9.21034037197618
2016,ORZ,5,0,10000,9.21034037197618
2016,ORZ,5,0,10000,9.21034037197618
2016,ORZ,5,0,10000,9.21034037197618
2016,ORZ,5,0,10000,9.21034037197618
2016,ORZ,5,0,10000,9.21034037197618
2016,ORZ,5,0,10000,9.21034037197618
2016,ORZ,5,0,10000,9.21034037197618
2016,ORZ,5,0,10000,9.21034037197618
2016,ORZ,5,0,10000,9.21034037197618
2016,ORZ,5,0,10000,9.21034037197618
2016,ORZ,5,0,10000,9.21034037197618
2016,ORZ,5,0,10000,9.21034037197618
2016,ROS,1,13,120,4.78749174278205
2016,ROS,1,8,120,4.78749174278205
2016,ROS,1,9,120,4.78749174278205
2016,ROS,1,0,120,4.78749174278205
2016,ROS,1,0,120,4.78749174278205
2016,ROS,1,14,120,4.78749174278205
2016,ROS,1,15,120,4.78749174278205
2016,ROS,1,15,120,4.78749174278205
2016,ROS,1,19,120,4.78749174278205
2016,ROS,1,13,120,4.78749174278205
2016,ROS,2,0,120,4.78749174278205
2016,ROS,2,8,120,4.78749174278205
2016,ROS,2,0,120,4.78749174278205
2016,ROS,2,0,120,4.78749174278205
2016,ROS,2,9,120,4.78749174278205
2016,ROS,2,0,120,4.78749174278205
2016,ROS,2,0,120,4.78749174278205
2016,ROS,3,11,120,4.78749174278205
2016,ROS,3,0,120,4.78749174278205
2016,ROS,3,0,120,4.78749174278205
2016,ROS,3,17,120,4.78749174278205
2016,ROS,3,11,120,4.78749174278205
2016,ROS,3,1,120,4.78749174278205
2016,ROS,3,0,120,4.78749174278205
2016,ROS,3,4,120,4.78749174278205
2016,ROS,3,4,120,4.78749174278205
2016,ROS,3,7,120,4.78749174278205
2016,ROS,4,5,120,4.78749174278205
2016,ROS,4,0,120,4.78749174278205
2016,ROS,4,0,120,4.78749174278205
2016,ROS,4,0,120,4.78749174278205
2016,ROS,4,3,120,4.78749174278205
2016,ROS,4,3,120,4.78749174278205
2016,ROS,4,2,120,4.78749174278205
2016,ROS,4,10,120,4.78749174278205
2016,ROS,4,14,120,4.78749174278205
2016,ROS,4,0,120,4.78749174278205
2016,ROS,4,5,120,4.78749174278205
2016,ROS,5,0,120,4.78749174278205
2016,ROS,5,12,120,4.78749174278205
2016,ROS,5,0,120,4.78749174278205
2016,ROS,5,0,120,4.78749174278205
2016,ROS,5,0,120,4.78749174278205
2016,ROS,5,0,120,4.78749174278205
2016,ROS,5,0,120,4.78749174278205
2016,ROS,5,0,120,4.78749174278205
2016,SIE,1,19,20,2.99573227355399
2016,SIE,1,18,20,2.99573227355399
2016,SIE,1,0,20,2.99573227355399
2016,SIE,1,12,20,2.99573227355399
2016,SIE,1,15,20,2.99573227355399
2016,SIE,1,0,20,2.99573227355399
2016,SIE,1,13,20,2.99573227355399
2016,SIE,1,10,20,2.99573227355399
2016,SIE,1,13,20,2.99573227355399
2016,SIE,1,12,20,2.99573227355399
2016,SIE,1,17,20,2.99573227355399
2016,SIE,1,14,20,2.99573227355399
2016,SIE,1,5,20,2.99573227355399
2016,SIE,1,12,20,2.99573227355399
2016,SIE,2,8,20,2.99573227355399
2016,SIE,2,12,20,2.99573227355399
2016,SIE,2,0,20,2.99573227355399
2016,SIE,2,0,20,2.99573227355399
2016,SIE,2,15,20,2.99573227355399
2016,SIE,2,12,20,2.99573227355399
2016,SIE,2,8,20,2.99573227355399
2016,SIE,2,10,20,2.99573227355399
2016,SIE,2,5,20,2.99573227355399
2016,SIE,2,4,20,2.99573227355399
2016,SIE,2,5,20,2.99573227355399
2016,SIE,3,15,20,2.99573227355399
2016,SIE,3,0,20,2.99573227355399
2016,SIE,3,23,20,2.99573227355399
2016,SIE,3,18,20,2.99573227355399
2016,SIE,3,15,20,2.99573227355399
2016,SIE,3,0,20,2.99573227355399
2016,SIE,3,9,20,2.99573227355399
2016,SIE,3,13,20,2.99573227355399
2016,SIE,4,4,20,2.99573227355399
2016,SIE,4,12,20,2.99573227355399
2016,SIE,4,10,20,2.99573227355399
2016,SIE,4,6,20,2.99573227355399
2016,SIE,4,19,20,2.99573227355399
2016,SIE,4,6,20,2.99573227355399
2016,SIE,4,0,20,2.99573227355399
2016,SIE,4,7,20,2.99573227355399
2016,SIE,4,12,20,2.99573227355399
2016,SIE,4,0,20,2.99573227355399
2016,SIE,4,0,20,2.99573227355399
2016,SIE,4,15,20,2.99573227355399
2016,SIE,4,22,20,2.99573227355399
2016,SIE,5,4,20,2.99573227355399
2016,SIE,5,0,20,2.99573227355399
2016,SIE,5,3,20,2.99573227355399
2016,SIE,5,0,20,2.99573227355399
2016,SIE,5,0,20,2.99573227355399
2016,SIE,5,0,20,2.99573227355399
2016,SIE,5,0,20,2.99573227355399
2016,SIE,5,0,20,2.99573227355399
2016,SIE,5,0,20,2.99573227355399
2016,SIE,5,0,20,2.99573227355399
2016,SIE,5,0,20,2.99573227355399
2016,SIE,5,0,20,2.99573227355399
2016,SIE,5,0,20,2.99573227355399
2016,SIE,5,0,20,2.99573227355399
2016,SIE,5,0,20,2.99573227355399
2016,SIE,5,0,20,2.99573227355399
2016,SPN,1,16,115,4.74493212836325
2016,SPN,1,8,115,4.74493212836325
2016,SPN,1,0,115,4.74493212836325
2016,SPN,1,11,115,4.74493212836325
2016,SPN,1,13,115,4.74493212836325
2016,SPN,1,13,115,4.74493212836325
2016,SPN,1,12,115,4.74493212836325
2016,SPN,1,15,115,4.74493212836325
2016,SPN,1,4,115,4.74493212836325
2016,SPN,1,12,115,4.74493212836325
2016,SPN,1,3,115,4.74493212836325
2016,SPN,1,6,115,4.74493212836325
2016,SPN,1,8,115,4.74493212836325
2016,SPN,1,1,115,4.74493212836325
2016,SPN,1,7,115,4.74493212836325
2016,SPN,1,11,115,4.74493212836325
2016,SPN,2,15,115,4.74493212836325
2016,SPN,2,10,115,4.74493212836325
2016,SPN,2,11,115,4.74493212836325
2016,SPN,2,11,115,4.74493212836325
2016,SPN,2,8,115,4.74493212836325
2016,SPN,2,9,115,4.74493212836325
2016,SPN,2,12,115,4.74493212836325
2016,SPN,2,8,115,4.74493212836325
2016,SPN,2,6,115,4.74493212836325
2016,SPN,2,0,115,4.74493212836325
2016,SPN,2,2,115,4.74493212836325
2016,SPN,2,1,115,4.74493212836325
2016,SPN,3,16,115,4.74493212836325
2016,SPN,3,2,115,4.74493212836325
2016,SPN,3,4,115,4.74493212836325
2016,SPN,3,1,115,4.74493212836325
2016,SPN,3,0,115,4.74493212836325
2016,SPN,3,1,115,4.74493212836325
2016,SPN,3,10,115,4.74493212836325
2016,SPN,3,7,115,4.74493212836325
2016,SPN,3,0,115,4.74493212836325
2016,SPN,3,6,115,4.74493212836325
2016,SPN,3,0,115,4.74493212836325
2016,SPN,3,4,115,4.74493212836325
2016,SPN,3,4,115,4.74493212836325
2016,SPN,3,4,115,4.74493212836325
2016,SPN,3,1,115,4.74493212836325
2016,SPN,3,6,115,4.74493212836325
2016,SPN,3,0,115,4.74493212836325
2016,SPN,4,0,115,4.74493212836325
2016,SPN,4,11,115,4.74493212836325
2016,SPN,4,0,115,4.74493212836325
2016,SPN,4,0,115,4.74493212836325
2016,SPN,4,4,115,4.74493212836325
2016,SPN,4,4,115,4.74493212836325
2016,SPN,4,0,115,4.74493212836325
2016,SPN,4,0,115,4.74493212836325
2016,SPN,4,0,115,4.74493212836325
2016,SPN,4,9,115,4.74493212836325
2016,SPN,5,0,115,4.74493212836325
2016,SPN,5,1,115,4.74493212836325
2016,SPN,5,0,115,4.74493212836325
2016,SPN,5,4,115,4.74493212836325
2016,SPN,5,0,115,4.74493212836325
2016,SPN,5,1,115,4.74493212836325
2016,SPN,5,6,115,4.74493212836325
2016,SPN,5,2,115,4.74493212836325
2016,SPN,5,0,115,4.74493212836325
2016,SPN,5,0,115,4.74493212836325
2016,SPN,5,0,115,4.74493212836325
2016,SPN,5,0,115,4.74493212836325
2016,SPN,5,0,115,4.74493212836325
2016,SPN,5,10,115,4.74493212836325
2016,SPN,5,0,115,4.74493212836325
2016,SPN,5,0,115,4.74493212836325
2016,SPN,5,0,115,4.74493212836325
2016,SPN,5,0,115,4.74493212836325
2016,SPN,5,0,115,4.74493212836325
2016,SPN,5,0,115,4.74493212836325
2016,SPN,5,0,115,4.74493212836325
2016,SPN,5,0,115,4.74493212836325
2016,SPN,5,0,115,4.74493212836325
2016,SPN,5,0,115,4.74493212836325
2016,SPN,5,0,115,4.74493212836325
2016,SPN,5,0,115,4.74493212836325
2016,SPN,5,0,115,4.74493212836325
2016,WPN,1,4,450,6.10924758276437
2016,WPN,1,11,450,6.10924758276437
2016,WPN,1,3,450,6.10924758276437
2016,WPN,1,19,450,6.10924758276437
2016,WPN,1,20,450,6.10924758276437
2016,WPN,1,0,450,6.10924758276437
2016,WPN,2,9,450,6.10924758276437
2016,WPN,2,14,450,6.10924758276437
2016,WPN,2,0,450,6.10924758276437
2016,WPN,3,12,450,6.10924758276437
2016,WPN,3,7,450,6.10924758276437
2016,WPN,3,17,450,6.10924758276437
2016,WPN,3,12,450,6.10924758276437
2016,WPN,4,6,450,6.10924758276437
2016,WPN,4,2,450,6.10924758276437
2016,WPN,4,17,450,6.10924758276437
2016,WPN,4,18,450,6.10924758276437
2016,WPN,4,8,450,6.10924758276437
2016,WPN,4,0,450,6.10924758276437
2016,WPN,5,0,450,6.10924758276437
2016,WPN,5,1,450,6.10924758276437
2016,WPN,5,0,450,6.10924758276437
2016,WPN,5,2,450,6.10924758276437
2016,WPN,5,6,450,6.10924758276437
2016,WPN,5,0,450,6.10924758276437
2016,WPN,5,0,450,6.10924758276437
2016,WPN,5,0,450,6.10924758276437
2016,WPN,5,0,450,6.10924758276437
2016,WPN,5,0,450,6.10924758276437
2016,WPN,5,0,450,6.10924758276437
2016,WPN,5,0,450,6.10924758276437
2016,ZED,1,8,120,4.78749174278205
2016,ZED,1,2,120,4.78749174278205
2016,ZED,1,18,120,4.78749174278205
2016,ZED,1,18,120,4.78749174278205
2016,ZED,1,14,120,4.78749174278205
2016,ZED,1,19,120,4.78749174278205
2016,ZED,1,14,120,4.78749174278205
2016,ZED,2,10,120,4.78749174278205
2016,ZED,2,17,120,4.78749174278205
2016,ZED,2,8,120,4.78749174278205
2016,ZED,2,15,120,4.78749174278205
2016,ZED,2,13,120,4.78749174278205
2016,ZED,2,19,120,4.78749174278205
2016,ZED,2,9,120,4.78749174278205
2016,ZED,2,8,120,4.78749174278205
2016,ZED,2,19,120,4.78749174278205
2016,ZED,2,16,120,4.78749174278205
2016,ZED,2,14,120,4.78749174278205
2016,ZED,3,8,120,4.78749174278205
2016,ZED,3,6,120,4.78749174278205
2016,ZED,3,7,120,4.78749174278205
2016,ZED,3,14,120,4.78749174278205
2016,ZED,3,20,120,4.78749174278205
2016,ZED,3,11,120,4.78749174278205
2016,ZED,3,10,120,4.78749174278205
2016,ZED,4,0,120,4.78749174278205
2016,ZED,4,0,120,4.78749174278205
2016,ZED,4,1,120,4.78749174278205
2016,ZED,4,0,120,4.78749174278205
2016,ZED,4,2,120,4.78749174278205
2016,ZED,4,16,120,4.78749174278205
2016,ZED,4,1,120,4.78749174278205
2016,ZED,4,0,120,4.78749174278205
2016,ZED,4,8,120,4.78749174278205
2016,ZED,4,21,120,4.78749174278205
2016,ZED,4,5,120,4.78749174278205
2016,ZED,4,2,120,4.78749174278205
2016,ZED,4,0,120,4.78749174278205
2016,ZED,4,9,120,4.78749174278205
2016,ZED,4,10,120,4.78749174278205
2016,ZED,4,2,120,4.78749174278205
2016,ZED,5,0,120,4.78749174278205
2016,ZED,5,0,120,4.78749174278205
2016,ZED,5,1,120,4.78749174278205
2016,ZED,5,0,120,4.78749174278205
2016,ZED,5,0,120,4.78749174278205
2016,ZED,5,0,120,4.78749174278205
2016,ZED,5,0,120,4.78749174278205
2016,ZED,5,0,120,4.78749174278205
2016,ZED,5,0,120,4.78749174278205
2016,ZED,5,0,120,4.78749174278205
2016,ZED,5,0,120,4.78749174278205
2016,ZED,5,0,120,4.78749174278205
2016,ZED,5,0,120,4.78749174278205
2016,ZED,5,0,120,4.78749174278205
2017,BBR,1,4,18,2.89037175789616
2017,BBR,2,6,18,2.89037175789616
2017,BIA,1,0,50,3.91202300542815
2017,BIA,1,21,50,3.91202300542815
2017,BIA,1,18,50,3.91202300542815
2017,BIA,1,11,50,3.91202300542815
2017,BIA,1,12,50,3.91202300542815
2017,BIA,1,12,50,3.91202300542815
2017,BIA,1,18,50,3.91202300542815
2017,BIA,1,9,50,3.91202300542815
2017,BIA,1,21,50,3.91202300542815
2017,BIA,1,13,50,3.91202300542815
2017,BIA,1,4,50,3.91202300542815
2017,BIA,1,14,50,3.91202300542815
2017,BIA,1,17,50,3.91202300542815
2017,BIA,2,9,50,3.91202300542815
2017,BIA,2,18,50,3.91202300542815
2017,BIA,2,25,50,3.91202300542815
2017,BIA,2,24,50,3.91202300542815
2017,BIA,2,8,50,3.91202300542815
2017,BIA,2,23,50,3.91202300542815
2017,BIA,2,19,50,3.91202300542815
2017,BIA,2,15,50,3.91202300542815
2017,BIA,2,22,50,3.91202300542815
2017,BIA,2,11,50,3.91202300542815
2017,BIA,2,13,50,3.91202300542815
2017,BIA,2,13,50,3.91202300542815
2017,BIA,3,0,50,3.91202300542815
2017,BIA,3,3,50,3.91202300542815
2017,BIA,3,19,50,3.91202300542815
2017,BIA,3,7,50,3.91202300542815
2017,BIA,3,19,50,3.91202300542815
2017,BIA,3,0,50,3.91202300542815
2017,BIA,3,13,50,3.91202300542815
2017,BIA,3,20,50,3.91202300542815
2017,BIA,4,0,50,3.91202300542815
2017,BIA,4,0,50,3.91202300542815
2017,BIA,4,0,50,3.91202300542815
2017,BIA,4,1,50,3.91202300542815
2017,BIA,4,0,50,3.91202300542815
2017,BIA,4,0,50,3.91202300542815
2017,BIA,4,0,50,3.91202300542815
2017,BIA,4,0,50,3.91202300542815
2017,BIA,4,0,50,3.91202300542815
2017,BIA,4,0,50,3.91202300542815
2017,BIA,4,0,50,3.91202300542815
2017,BIA,4,0,50,3.91202300542815
2017,BIA,4,0,50,3.91202300542815
2017,BIA,4,0,50,3.91202300542815
2017,BIA,4,1,50,3.91202300542815
2017,BIA,4,0,50,3.91202300542815
2017,BIA,4,2,50,3.91202300542815
2017,BIA,4,3,50,3.91202300542815
2017,BIA,5,0,50,3.91202300542815
2017,BIA,5,4,50,3.91202300542815
2017,BIA,5,1,50,3.91202300542815
2017,BIA,5,0,50,3.91202300542815
2017,BIA,5,0,50,3.91202300542815
2017,BOB,1,20,100,4.60517018598809
2017,BOB,1,10,100,4.60517018598809
2017,BOB,1,3,100,4.60517018598809
2017,BOB,1,13,100,4.60517018598809
2017,BOB,1,12,100,4.60517018598809
2017,BOB,1,2,100,4.60517018598809
2017,BOB,1,3,100,4.60517018598809
2017,BOB,1,1,100,4.60517018598809
2017,BOB,1,15,100,4.60517018598809
2017,BOB,1,9,100,4.60517018598809
2017,BOB,1,7,100,4.60517018598809
2017,BOB,1,24,100,4.60517018598809
2017,BOB,1,1,100,4.60517018598809
2017,BOB,1,4,100,4.60517018598809
2017,BOB,1,0,100,4.60517018598809
2017,BOB,1,10,100,4.60517018598809
2017,BOB,2,13,100,4.60517018598809
2017,BOB,2,19,100,4.60517018598809
2017,BOB,2,2,100,4.60517018598809
2017,BOB,2,18,100,4.60517018598809
2017,BOB,2,4,100,4.60517018598809
2017,BOB,2,9,100,4.60517018598809
2017,BOB,2,18,100,4.60517018598809
2017,BOB,2,6,100,4.60517018598809
2017,BOB,2,23,100,4.60517018598809
2017,BOB,2,0,100,4.60517018598809
2017,BOB,2,0,100,4.60517018598809
2017,CZL,1,22,500,6.21460809842219
2017,CZL,1,23,500,6.21460809842219
2017,CZL,1,20,500,6.21460809842219
2017,CZL,1,20,500,6.21460809842219
2017,CZL,1,3,500,6.21460809842219
2017,CZL,1,9,500,6.21460809842219
2017,CZL,1,14,500,6.21460809842219
2017,CZL,1,18,500,6.21460809842219
2017,CZL,1,18,500,6.21460809842219
2017,CZL,1,15,500,6.21460809842219
2017,CZL,1,20,500,6.21460809842219
2017,CZL,1,24,500,6.21460809842219
2017,CZL,1,24,500,6.21460809842219
2017,CZL,1,9,500,6.21460809842219
2017,CZL,1,0,500,6.21460809842219
2017,CZL,1,17,500,6.21460809842219
2017,CZL,1,0,500,6.21460809842219
2017,CZL,2,0,500,6.21460809842219
2017,CZL,2,13,500,6.21460809842219
2017,CZL,2,26,500,6.21460809842219
2017,CZL,2,19,500,6.21460809842219
2017,CZL,2,20,500,6.21460809842219
2017,CZL,2,27,500,6.21460809842219
2017,CZL,2,20,500,6.21460809842219
2017,CZL,2,25,500,6.21460809842219
2017,CZL,2,18,500,6.21460809842219
2017,CZL,2,22,500,6.21460809842219
2017,CZL,2,23,500,6.21460809842219
2017,CZL,2,15,500,6.21460809842219
2017,CZL,2,13,500,6.21460809842219
2017,CZL,2,0,500,6.21460809842219
2017,CZL,2,19,500,6.21460809842219
2017,CZL,2,14,500,6.21460809842219
2017,CZL,2,21,500,6.21460809842219
2017,CZL,3,21,500,6.21460809842219
2017,CZL,3,16,500,6.21460809842219
2017,CZL,3,15,500,6.21460809842219
2017,CZL,3,2,500,6.21460809842219
2017,CZL,3,24,500,6.21460809842219
2017,CZL,3,24,500,6.21460809842219
2017,CZL,3,12,500,6.21460809842219
2017,CZL,3,11,500,6.21460809842219
2017,CZL,3,24,500,6.21460809842219
2017,CZL,3,0,500,6.21460809842219
2017,CZL,3,16,500,6.21460809842219
2017,CZL,3,22,500,6.21460809842219
2017,CZL,3,22,500,6.21460809842219
2017,CZL,3,26,500,6.21460809842219
2017,CZL,3,1,500,6.21460809842219
2017,CZL,3,17,500,6.21460809842219
2017,CZL,4,0,500,6.21460809842219
2017,CZL,4,0,500,6.21460809842219
2017,CZL,4,0,500,6.21460809842219
2017,CZL,4,20,500,6.21460809842219
2017,CZL,4,0,500,6.21460809842219
2017,CZL,4,0,500,6.21460809842219
2017,CZL,4,0,500,6.21460809842219
2017,CZL,4,3,500,6.21460809842219
2017,CZL,4,6,500,6.21460809842219
2017,CZL,4,1,500,6.21460809842219
2017,CZL,4,5,500,6.21460809842219
2017,CZL,5,1,500,6.21460809842219
2017,CZL,5,0,500,6.21460809842219
2017,CZL,5,0,500,6.21460809842219
2017,CZL,5,0,500,6.21460809842219
2017,CZL,5,0,500,6.21460809842219
2017,CZL,5,0,500,6.21460809842219
2017,CZL,5,0,500,6.21460809842219
2017,CZL,5,0,500,6.21460809842219
2017,CZL,5,0,500,6.21460809842219
2017,CZL,5,0,500,6.21460809842219
2017,CZL,5,0,500,6.21460809842219
2017,CZL,5,0,500,6.21460809842219
2017,DRO,1,11,600,6.39692965521615
2017,DRO,1,15,600,6.39692965521615
2017,DRO,1,18,600,6.39692965521615
2017,DRO,1,10,600,6.39692965521615
2017,DRO,1,10,600,6.39692965521615
2017,DRO,1,9,600,6.39692965521615
2017,DRO,1,4,600,6.39692965521615
2017,DRO,1,6,600,6.39692965521615
2017,DRO,1,3,600,6.39692965521615
2017,DRO,1,5,600,6.39692965521615
2017,DRO,1,4,600,6.39692965521615
2017,DRO,1,0,600,6.39692965521615
2017,DRO,1,15,600,6.39692965521615
2017,DRO,2,4,600,6.39692965521615
2017,DRO,2,11,600,6.39692965521615
2017,DRO,2,10,600,6.39692965521615
2017,DRO,2,0,600,6.39692965521615
2017,DRO,2,0,600,6.39692965521615
2017,DRO,2,17,600,6.39692965521615
2017,DRO,2,0,600,6.39692965521615
2017,DRO,2,10,600,6.39692965521615
2017,DRO,2,0,600,6.39692965521615
2017,DRO,2,11,600,6.39692965521615
2017,DRO,2,20,600,6.39692965521615
2017,DRO,2,2,600,6.39692965521615
2017,DRO,2,13,600,6.39692965521615
2017,DRO,2,15,600,6.39692965521615
2017,DRO,2,10,600,6.39692965521615
2017,DRO,2,10,600,6.39692965521615
2017,DRO,3,8,600,6.39692965521615
2017,DRO,3,0,600,6.39692965521615
2017,DRO,3,9,600,6.39692965521615
2017,DRO,3,14,600,6.39692965521615
2017,DRO,3,7,600,6.39692965521615
2017,DRO,3,7,600,6.39692965521615
2017,DRO,3,13,600,6.39692965521615
2017,DRO,3,8,600,6.39692965521615
2017,DRO,3,8,600,6.39692965521615
2017,DRO,3,0,600,6.39692965521615
2017,DRO,3,1,600,6.39692965521615
2017,DRO,3,0,600,6.39692965521615
2017,DRO,4,11,600,6.39692965521615
2017,DRO,4,1,600,6.39692965521615
2017,DRO,4,0,600,6.39692965521615
2017,DRO,4,1,600,6.39692965521615
2017,DRO,4,0,600,6.39692965521615
2017,DRO,4,0,600,6.39692965521615
2017,DRO,4,0,600,6.39692965521615
2017,DRO,4,15,600,6.39692965521615
2017,DRO,4,4,600,6.39692965521615
2017,DRO,4,0,600,6.39692965521615
2017,DRO,4,14,600,6.39692965521615
2017,DRO,4,0,600,6.39692965521615
2017,DRO,4,0,600,6.39692965521615
2017,DRO,4,0,600,6.39692965521615
2017,DRO,4,0,600,6.39692965521615
2017,DRO,4,10,600,6.39692965521615
2017,DRO,4,2,600,6.39692965521615
2017,DRO,4,3,600,6.39692965521615
2017,DRO,4,9,600,6.39692965521615
2017,DRO,4,5,600,6.39692965521615
2017,DRO,4,11,600,6.39692965521615
2017,DRO,4,0,600,6.39692965521615
2017,DRO,5,0,600,6.39692965521615
2017,DRO,5,0,600,6.39692965521615
2017,DRO,5,0,600,6.39692965521615
2017,DRO,5,0,600,6.39692965521615
2017,DRO,5,0,600,6.39692965521615
2017,DRO,5,0,600,6.39692965521615
2017,DRO,5,0,600,6.39692965521615
2017,DRO,5,0,600,6.39692965521615
2017,DRO,5,5,600,6.39692965521615
2017,DRO,5,0,600,6.39692965521615
2017,DRO,5,0,600,6.39692965521615
2017,DRO,5,0,600,6.39692965521615
2017,DRO,5,0,600,6.39692965521615
2017,DRO,5,1,600,6.39692965521615
2017,DRO,5,0,600,6.39692965521615
2017,DRO,5,0,600,6.39692965521615
2017,KCZ,1,19,700,6.5510803350434
2017,KCZ,1,0,700,6.5510803350434
2017,KCZ,1,14,700,6.5510803350434
2017,KCZ,1,13,700,6.5510803350434
2017,KCZ,1,12,700,6.5510803350434
2017,KCZ,1,17,700,6.5510803350434
2017,KCZ,1,3,700,6.5510803350434
2017,KCZ,1,19,700,6.5510803350434
2017,KCZ,1,13,700,6.5510803350434
2017,KCZ,1,7,700,6.5510803350434
2017,KCZ,1,9,700,6.5510803350434
2017,KCZ,2,17,700,6.5510803350434
2017,KCZ,2,0,700,6.5510803350434
2017,KCZ,2,14,700,6.5510803350434
2017,KCZ,2,18,700,6.5510803350434
2017,KCZ,2,18,700,6.5510803350434
2017,KCZ,2,12,700,6.5510803350434
2017,KCZ,2,14,700,6.5510803350434
2017,KCZ,2,18,700,6.5510803350434
2017,KCZ,2,16,700,6.5510803350434
2017,KCZ,2,11,700,6.5510803350434
2017,KCZ,2,6,700,6.5510803350434
2017,KCZ,2,0,700,6.5510803350434
2017,KCZ,2,12,700,6.5510803350434
2017,KCZ,2,7,700,6.5510803350434
2017,KCZ,3,0,700,6.5510803350434
2017,KCZ,3,0,700,6.5510803350434
2017,KCZ,3,15,700,6.5510803350434
2017,KCZ,3,7,700,6.5510803350434
2017,KCZ,3,0,700,6.5510803350434
2017,KCZ,3,13,700,6.5510803350434
2017,KCZ,3,0,700,6.5510803350434
2017,KCZ,3,7,700,6.5510803350434
2017,KCZ,4,13,700,6.5510803350434
2017,KCZ,4,0,700,6.5510803350434
2017,KCZ,4,3,700,6.5510803350434
2017,KCZ,4,14,700,6.5510803350434
2017,KCZ,4,0,700,6.5510803350434
2017,KCZ,4,2,700,6.5510803350434
2017,KCZ,4,0,700,6.5510803350434
2017,KCZ,4,0,700,6.5510803350434
2017,KCZ,4,5,700,6.5510803350434
2017,KCZ,4,3,700,6.5510803350434
2017,KCZ,4,3,700,6.5510803350434
2017,KCZ,4,4,700,6.5510803350434
2017,KCZ,4,10,700,6.5510803350434
2017,KCZ,4,0,700,6.5510803350434
2017,KCZ,4,0,700,6.5510803350434
2017,KCZ,4,4,700,6.5510803350434
2017,KCZ,4,2,700,6.5510803350434
2017,KCZ,4,10,700,6.5510803350434
2017,KCZ,4,1,700,6.5510803350434
2017,KCZ,4,6,700,6.5510803350434
2017,KCZ,5,0,700,6.5510803350434
2017,KCZ,5,0,700,6.5510803350434
2017,KCZ,5,1,700,6.5510803350434
2017,KCZ,5,0,700,6.5510803350434
2017,KCZ,5,0,700,6.5510803350434
2017,KCZ,5,0,700,6.5510803350434
2017,KCZ,5,0,700,6.5510803350434
2017,KCZ,5,0,700,6.5510803350434
2017,KCZ,5,0,700,6.5510803350434
2017,KCZ,5,0,700,6.5510803350434
2017,KCZ,5,0,700,6.5510803350434
2017,KCZ,5,0,700,6.5510803350434
2017,KCZ,5,0,700,6.5510803350434
2017,KCZ,5,0,700,6.5510803350434
2017,KCZ,5,0,700,6.5510803350434
2017,KCZ,5,0,700,6.5510803350434
2017,KCZ,5,1,700,6.5510803350434
2017,KCZ,5,0,700,6.5510803350434
2017,KLE,1,6,1100,7.00306545878646
2017,KLE,1,17,1100,7.00306545878646
2017,KLE,1,32,1100,7.00306545878646
2017,KLE,1,25,1100,7.00306545878646
2017,KLE,1,8,1100,7.00306545878646
2017,KLE,1,18,1100,7.00306545878646
2017,KLE,1,0,1100,7.00306545878646
2017,KLE,1,12,1100,7.00306545878646
2017,KLE,1,0,1100,7.00306545878646
2017,KLE,1,24,1100,7.00306545878646
2017,KLE,1,24,1100,7.00306545878646
2017,KLE,1,11,1100,7.00306545878646
2017,KLE,1,20,1100,7.00306545878646
2017,KLE,2,23,1100,7.00306545878646
2017,KLE,2,17,1100,7.00306545878646
2017,KLE,2,13,1100,7.00306545878646
2017,KLE,3,28,1100,7.00306545878646
2017,KLE,3,1,1100,7.00306545878646
2017,KLE,3,21,1100,7.00306545878646
2017,KLE,3,19,1100,7.00306545878646
2017,KLE,3,22,1100,7.00306545878646
2017,KLE,3,23,1100,7.00306545878646
2017,KLE,3,16,1100,7.00306545878646
2017,KLE,3,20,1100,7.00306545878646
2017,KLE,3,30,1100,7.00306545878646
2017,KLE,4,23,1100,7.00306545878646
2017,KLE,4,0,1100,7.00306545878646
2017,KLE,4,0,1100,7.00306545878646
2017,KLE,4,16,1100,7.00306545878646
2017,KLE,4,0,1100,7.00306545878646
2017,KLE,4,2,1100,7.00306545878646
2017,KLE,4,0,1100,7.00306545878646
2017,KLE,4,0,1100,7.00306545878646
2017,KLE,4,2,1100,7.00306545878646
2017,KLE,4,6,1100,7.00306545878646
2017,KLE,4,1,1100,7.00306545878646
2017,KLE,4,26,1100,7.00306545878646
2017,KLE,4,0,1100,7.00306545878646
2017,KLE,4,0,1100,7.00306545878646
2017,KLE,4,18,1100,7.00306545878646
2017,KLE,4,0,1100,7.00306545878646
2017,KLE,5,0,1100,7.00306545878646
2017,KLE,5,0,1100,7.00306545878646
2017,KLE,5,0,1100,7.00306545878646
2017,KLE,5,0,1100,7.00306545878646
2017,KLE,5,0,1100,7.00306545878646
2017,KLE,5,0,1100,7.00306545878646
2017,KLE,5,3,1100,7.00306545878646
2017,KLE,5,0,1100,7.00306545878646
2017,KLE,5,2,1100,7.00306545878646
2017,KLE,5,0,1100,7.00306545878646
2017,KLE,5,0,1100,7.00306545878646
2017,KLE,5,0,1100,7.00306545878646
2017,KLE,5,4,1100,7.00306545878646
2017,KLE,5,1,1100,7.00306545878646
2017,KLE,5,0,1100,7.00306545878646
2017,KLE,5,0,1100,7.00306545878646
2017,KLE,5,0,1100,7.00306545878646
2017,KLE,5,0,1100,7.00306545878646
2017,KLE,5,0,1100,7.00306545878646
2017,KLE,5,20,1100,7.00306545878646
2017,KLE,5,2,1100,7.00306545878646
2017,KLE,5,0,1100,7.00306545878646
2017,KLE,5,2,1100,7.00306545878646
2017,KLE,5,0,1100,7.00306545878646
2017,KLE,5,2,1100,7.00306545878646
2017,KLE,5,0,1100,7.00306545878646
2017,KLE,5,5,1100,7.00306545878646
2017,KLE,5,0,1100,7.00306545878646
2017,KOP,1,0,100,4.60517018598809
2017,KOP,1,13,100,4.60517018598809
2017,KOP,1,15,100,4.60517018598809
2017,KOP,1,21,100,4.60517018598809
2017,KOP,1,15,100,4.60517018598809
2017,KOP,1,20,100,4.60517018598809
2017,KOP,1,10,100,4.60517018598809
2017,KOP,2,7,100,4.60517018598809
2017,KOP,2,15,100,4.60517018598809
2017,KOP,2,13,100,4.60517018598809
2017,KOP,2,18,100,4.60517018598809
2017,KOP,2,13,100,4.60517018598809
2017,KOP,2,11,100,4.60517018598809
2017,KOP,2,9,100,4.60517018598809
2017,KOP,2,10,100,4.60517018598809
2017,KOP,2,5,100,4.60517018598809
2017,KOP,2,14,100,4.60517018598809
2017,KOP,2,14,100,4.60517018598809
2017,KOP,3,0,100,4.60517018598809
2017,KOP,3,2,100,4.60517018598809
2017,KOP,3,9,100,4.60517018598809
2017,KOP,3,16,100,4.60517018598809
2017,KOP,3,18,100,4.60517018598809
2017,KOP,3,7,100,4.60517018598809
2017,KOP,3,17,100,4.60517018598809
2017,KOP,3,10,100,4.60517018598809
2017,KOP,3,16,100,4.60517018598809
2017,KOP,3,17,100,4.60517018598809
2017,KOP,3,15,100,4.60517018598809
2017,KOP,3,0,100,4.60517018598809
2017,KOP,4,1,100,4.60517018598809
2017,KOP,4,0,100,4.60517018598809
2017,KOP,4,0,100,4.60517018598809
2017,KOP,4,0,100,4.60517018598809
2017,KOP,4,0,100,4.60517018598809
2017,KOP,4,0,100,4.60517018598809
2017,KOP,4,2,100,4.60517018598809
2017,KOP,4,3,100,4.60517018598809
2017,KOP,4,9,100,4.60517018598809
2017,KOP,4,3,100,4.60517018598809
2017,KOP,4,10,100,4.60517018598809
2017,KOP,4,1,100,4.60517018598809
2017,KOP,4,0,100,4.60517018598809
2017,KOP,4,0,100,4.60517018598809
2017,KOP,4,0,100,4.60517018598809
2017,KOP,4,7,100,4.60517018598809
2017,KOP,4,12,100,4.60517018598809
2017,KOP,5,0,100,4.60517018598809
2017,KOP,5,0,100,4.60517018598809
2017,KOP,5,0,100,4.60517018598809
2017,KOP,5,0,100,4.60517018598809
2017,KOP,5,0,100,4.60517018598809
2017,KOP,5,0,100,4.60517018598809
2017,KOP,5,0,100,4.60517018598809
2017,KOP,5,2,100,4.60517018598809
2017,MAL,1,21,6000,8.69951474821019
2017,MAL,1,26,6000,8.69951474821019
2017,MAL,1,15,6000,8.69951474821019
2017,MAL,1,18,6000,8.69951474821019
2017,MAL,1,21,6000,8.69951474821019
2017,MAL,1,18,6000,8.69951474821019
2017,MAL,1,7,6000,8.69951474821019
2017,MAL,1,9,6000,8.69951474821019
2017,MAL,1,17,6000,8.69951474821019
2017,MAL,1,16,6000,8.69951474821019
2017,MAL,1,13,6000,8.69951474821019
2017,MAL,1,9,6000,8.69951474821019
2017,MAL,1,15,6000,8.69951474821019
2017,MAL,2,30,6000,8.69951474821019
2017,MAL,2,3,6000,8.69951474821019
2017,MAL,2,19,6000,8.69951474821019
2017,MAL,2,15,6000,8.69951474821019
2017,MAL,2,25,6000,8.69951474821019
2017,MAL,2,30,6000,8.69951474821019
2017,MAL,2,26,6000,8.69951474821019
2017,MAL,2,24,6000,8.69951474821019
2017,MAL,2,16,6000,8.69951474821019
2017,MAL,2,18,6000,8.69951474821019
2017,MAL,2,25,6000,8.69951474821019
2017,MAL,2,24,6000,8.69951474821019
2017,MAL,3,27,6000,8.69951474821019
2017,MAL,3,22,6000,8.69951474821019
2017,MAL,3,15,6000,8.69951474821019
2017,MAL,3,23,6000,8.69951474821019
2017,MAL,3,17,6000,8.69951474821019
2017,MAL,3,26,6000,8.69951474821019
2017,MAL,3,11,6000,8.69951474821019
2017,MAL,4,2,6000,8.69951474821019
2017,MAL,4,12,6000,8.69951474821019
2017,MAL,4,2,6000,8.69951474821019
2017,MAL,4,18,6000,8.69951474821019
2017,MAL,4,1,6000,8.69951474821019
2017,MAL,4,0,6000,8.69951474821019
2017,MAL,4,0,6000,8.69951474821019
2017,MAL,4,19,6000,8.69951474821019
2017,MAL,4,25,6000,8.69951474821019
2017,MAL,4,0,6000,8.69951474821019
2017,MAL,4,1,6000,8.69951474821019
2017,MAL,4,19,6000,8.69951474821019
2017,MAL,5,0,6000,8.69951474821019
2017,MAL,5,0,6000,8.69951474821019
2017,MAL,5,1,6000,8.69951474821019
2017,MAL,5,1,6000,8.69951474821019
2017,MAL,5,1,6000,8.69951474821019
2017,MAL,5,0,6000,8.69951474821019
2017,MAL,5,0,6000,8.69951474821019
2017,MAL,5,0,6000,8.69951474821019
2017,MAL,5,0,6000,8.69951474821019
2017,MAL,5,0,6000,8.69951474821019
2017,MAL,5,0,6000,8.69951474821019
2017,MAL,5,0,6000,8.69951474821019
2017,MAL,5,0,6000,8.69951474821019
2017,MAL,5,1,6000,8.69951474821019
2017,ORZ,1,1,10000,9.21034037197618
2017,ORZ,1,0,10000,9.21034037197618
2017,ORZ,1,0,10000,9.21034037197618
2017,ORZ,1,0,10000,9.21034037197618
2017,ORZ,1,20,10000,9.21034037197618
2017,ORZ,1,28,10000,9.21034037197618
2017,ORZ,1,11,10000,9.21034037197618
2017,ORZ,1,18,10000,9.21034037197618
2017,ORZ,1,1,10000,9.21034037197618
2017,ORZ,1,0,10000,9.21034037197618
2017,ORZ,1,,10000,9.21034037197618
2017,ORZ,1,0,10000,9.21034037197618
2017,ORZ,1,20,10000,9.21034037197618
2017,ORZ,1,28,10000,9.21034037197618
2017,ORZ,1,11,10000,9.21034037197618
2017,ORZ,1,18,10000,9.21034037197618
2017,ORZ,2,0,10000,9.21034037197618
2017,ORZ,2,0,10000,9.21034037197618
2017,ORZ,2,5,10000,9.21034037197618
2017,ORZ,2,13,10000,9.21034037197618
2017,ORZ,2,15,10000,9.21034037197618
2017,ORZ,2,21,10000,9.21034037197618
2017,ORZ,2,8,10000,9.21034037197618
2017,ORZ,3,0,10000,9.21034037197618
2017,ORZ,3,0,10000,9.21034037197618
2017,ORZ,3,6,10000,9.21034037197618
2017,ORZ,3,8,10000,9.21034037197618
2017,ORZ,3,7,10000,9.21034037197618
2017,ORZ,3,8,10000,9.21034037197618
2017,ORZ,3,21,10000,9.21034037197618
2017,ORZ,3,23,10000,9.21034037197618
2017,ORZ,3,21,10000,9.21034037197618
2017,ORZ,4,0,10000,9.21034037197618
2017,ORZ,4,0,10000,9.21034037197618
2017,ORZ,4,0,10000,9.21034037197618
2017,ORZ,4,0,10000,9.21034037197618
2017,ORZ,4,0,10000,9.21034037197618
2017,ORZ,4,0,10000,9.21034037197618
2017,ORZ,4,0,10000,9.21034037197618
2017,ORZ,4,2,10000,9.21034037197618
2017,ORZ,4,0,10000,9.21034037197618
2017,ORZ,4,0,10000,9.21034037197618
2017,ORZ,4,0,10000,9.21034037197618
2017,ORZ,4,0,10000,9.21034037197618
2017,ORZ,4,0,10000,9.21034037197618
2017,ORZ,4,3,10000,9.21034037197618
2017,ORZ,4,1,10000,9.21034037197618
2017,ORZ,4,0,10000,9.21034037197618
2017,ORZ,4,1,10000,9.21034037197618
2017,ORZ,4,1,10000,9.21034037197618
2017,ORZ,4,2,10000,9.21034037197618
2017,ORZ,4,3,10000,9.21034037197618
2017,ORZ,4,0,10000,9.21034037197618
2017,ORZ,5,0,10000,9.21034037197618
2017,ORZ,5,0,10000,9.21034037197618
2017,ORZ,5,0,10000,9.21034037197618
2017,ORZ,5,0,10000,9.21034037197618
2017,ORZ,5,0,10000,9.21034037197618
2017,ORZ,5,0,10000,9.21034037197618
2017,ORZ,5,0,10000,9.21034037197618
2017,ROS,1,23,120,4.78749174278205
2017,ROS,1,18,120,4.78749174278205
2017,ROS,1,11,120,4.78749174278205
2017,ROS,1,8,120,4.78749174278205
2017,ROS,1,18,120,4.78749174278205
2017,ROS,1,5,120,4.78749174278205
2017,ROS,1,22,120,4.78749174278205
2017,ROS,1,11,120,4.78749174278205
2017,ROS,1,7,120,4.78749174278205
2017,ROS,1,12,120,4.78749174278205
2017,ROS,1,23,120,4.78749174278205
2017,ROS,1,12,120,4.78749174278205
2017,ROS,1,12,120,4.78749174278205
2017,ROS,1,11,120,4.78749174278205
2017,ROS,1,8,120,4.78749174278205
2017,ROS,1,7,120,4.78749174278205
2017,ROS,1,20,120,4.78749174278205
2017,ROS,1,0,120,4.78749174278205
2017,ROS,1,0,120,4.78749174278205
2017,ROS,2,23,120,4.78749174278205
2017,ROS,2,24,120,4.78749174278205
2017,ROS,2,8,120,4.78749174278205
2017,ROS,2,13,120,4.78749174278205
2017,ROS,2,10,120,4.78749174278205
2017,ROS,2,13,120,4.78749174278205
2017,ROS,2,18,120,4.78749174278205
2017,ROS,2,5,120,4.78749174278205
2017,ROS,2,16,120,4.78749174278205
2017,ROS,2,19,120,4.78749174278205
2017,ROS,2,16,120,4.78749174278205
2017,ROS,2,6,120,4.78749174278205
2017,ROS,2,0,120,4.78749174278205
2017,ROS,2,0,120,4.78749174278205
2017,ROS,2,7,120,4.78749174278205
2017,ROS,2,23,120,4.78749174278205
2017,ROS,2,10,120,4.78749174278205
2017,ROS,2,9,120,4.78749174278205
2017,ROS,4,0,120,4.78749174278205
2017,ROS,4,1,120,4.78749174278205
2017,ROS,4,0,120,4.78749174278205
2017,ROS,4,8,120,4.78749174278205
2017,ROS,4,14,120,4.78749174278205
2017,ROS,4,7,120,4.78749174278205
2017,ROS,4,7,120,4.78749174278205
2017,ROS,4,0,120,4.78749174278205
2017,ROS,4,3,120,4.78749174278205
2017,ROS,4,0,120,4.78749174278205
2017,ROS,4,0,120,4.78749174278205
2017,ROS,4,0,120,4.78749174278205
2017,ROS,5,0,120,4.78749174278205
2017,ROS,5,0,120,4.78749174278205
2017,SIE,2,0,20,2.99573227355399
2017,SIE,2,16,20,2.99573227355399
2017,SIE,2,14,20,2.99573227355399
2017,SIE,2,10,20,2.99573227355399
2017,SIE,2,10,20,2.99573227355399
2017,SIE,3,0,20,2.99573227355399
2017,SIE,3,0,20,2.99573227355399
2017,SIE,3,9,20,2.99573227355399
2017,SIE,3,12,20,2.99573227355399
2017,SIE,3,15,20,2.99573227355399
2017,SIE,3,0,20,2.99573227355399
2017,SIE,3,16,20,2.99573227355399
2017,SIE,3,4,20,2.99573227355399
2017,SIE,3,13,20,2.99573227355399
2017,SIE,3,6,20,2.99573227355399
2017,SIE,3,18,20,2.99573227355399
2017,SIE,3,13,20,2.99573227355399
2017,SIE,3,13,20,2.99573227355399
2017,SIE,3,16,20,2.99573227355399
2017,SIE,3,7,20,2.99573227355399
2017,SIE,3,14,20,2.99573227355399
2017,SIE,3,12,20,2.99573227355399
2017,SIE,3,6,20,2.99573227355399
2017,SPN,1,0,90,4.49980967033027
2017,SPN,1,2,90,4.49980967033027
2017,SPN,1,0,90,4.49980967033027
2017,SPN,1,4,90,4.49980967033027
2017,SPN,1,12,90,4.49980967033027
2017,SPN,1,4,90,4.49980967033027
2017,SPN,1,0,90,4.49980967033027
2017,SPN,1,11,90,4.49980967033027
2017,SPN,1,5,90,4.49980967033027
2017,SPN,1,1,90,4.49980967033027
2017,SPN,1,7,90,4.49980967033027
2017,SPN,1,8,90,4.49980967033027
2017,SPN,1,11,90,4.49980967033027
2017,SPN,1,15,90,4.49980967033027
2017,SPN,1,10,90,4.49980967033027
2017,SPN,1,0,90,4.49980967033027
2017,SPN,1,8,90,4.49980967033027
2017,SPN,1,6,90,4.49980967033027
2017,SPN,1,13,90,4.49980967033027
2017,SPN,1,8,90,4.49980967033027
2017,SPN,1,11,90,4.49980967033027
2017,SPN,1,13,90,4.49980967033027
2017,SPN,2,12,90,4.49980967033027
2017,SPN,2,16,90,4.49980967033027
2017,SPN,2,15,90,4.49980967033027
2017,SPN,2,16,90,4.49980967033027
2017,SPN,2,5,90,4.49980967033027
2017,SPN,2,12,90,4.49980967033027
2017,SPN,2,6,90,4.49980967033027
2017,SPN,2,9,90,4.49980967033027
2017,SPN,2,8,90,4.49980967033027
2017,SPN,2,13,90,4.49980967033027
2017,SPN,2,15,90,4.49980967033027
2017,SPN,2,0,90,4.49980967033027
2017,SPN,2,9,90,4.49980967033027
2017,SPN,2,8,90,4.49980967033027
2017,SPN,2,12,90,4.49980967033027
2017,SPN,2,9,90,4.49980967033027
2017,SPN,2,15,90,4.49980967033027
2017,WPN,1,29,450,6.10924758276437
2017,WPN,1,14,450,6.10924758276437
2017,WPN,1,23,450,6.10924758276437
2017,WPN,1,16,450,6.10924758276437
2017,WPN,1,16,450,6.10924758276437
2017,WPN,1,25,450,6.10924758276437
2017,WPN,1,32,450,6.10924758276437
2017,WPN,1,20,450,6.10924758276437
2017,WPN,1,25,450,6.10924758276437
2017,WPN,1,24,450,6.10924758276437
2017,WPN,1,24,450,6.10924758276437
2017,WPN,1,24,450,6.10924758276437
2017,WPN,2,16,450,6.10924758276437
2017,WPN,2,32,450,6.10924758276437
2017,WPN,2,31,450,6.10924758276437
2017,WPN,2,25,450,6.10924758276437
2017,WPN,2,21,450,6.10924758276437
2017,WPN,2,21,450,6.10924758276437
2017,WPN,2,11,450,6.10924758276437
2017,WPN,2,19,450,6.10924758276437
2017,WPN,2,25,450,6.10924758276437
2017,WPN,2,20,450,6.10924758276437
2017,WPN,2,23,450,6.10924758276437
2017,WPN,2,19,450,6.10924758276437
2017,WPN,2,19,450,6.10924758276437
2017,WPN,2,22,450,6.10924758276437
2017,WPN,2,23,450,6.10924758276437
2017,WPN,2,24,450,6.10924758276437
2017,WPN,3,20,450,6.10924758276437
2017,WPN,3,24,450,6.10924758276437
2017,WPN,3,27,450,6.10924758276437
2017,WPN,3,23,450,6.10924758276437
2017,WPN,3,27,450,6.10924758276437
2017,WPN,3,20,450,6.10924758276437
2017,WPN,3,22,450,6.10924758276437
2017,WPN,3,24,450,6.10924758276437
2017,WPN,3,25,450,6.10924758276437
2017,WPN,3,24,450,6.10924758276437
2017,WPN,3,18,450,6.10924758276437
2017,WPN,3,22,450,6.10924758276437
2017,WPN,3,24,450,6.10924758276437
2017,WPN,4,18,450,6.10924758276437
2017,WPN,4,30,450,6.10924758276437
2017,WPN,4,4,450,6.10924758276437
2017,WPN,4,11,450,6.10924758276437
2017,WPN,4,0,450,6.10924758276437
2017,WPN,4,0,450,6.10924758276437
2017,WPN,4,0,450,6.10924758276437
2017,WPN,4,0,450,6.10924758276437
2017,WPN,4,9,450,6.10924758276437
2017,WPN,4,0,450,6.10924758276437
2017,WPN,4,0,450,6.10924758276437
2017,WPN,4,3,450,6.10924758276437
2017,WPN,4,2,450,6.10924758276437
2017,WPN,4,2,450,6.10924758276437
2017,WPN,4,12,450,6.10924758276437
2017,WPN,4,3,450,6.10924758276437
2017,WPN,4,6,450,6.10924758276437
2017,WPN,4,1,450,6.10924758276437
2017,WPN,4,0,450,6.10924758276437
2017,WPN,5,0,450,6.10924758276437
2017,WPN,5,0,450,6.10924758276437
2017,WPN,5,0,450,6.10924758276437
2017,WPN,5,0,450,6.10924758276437
2017,WPN,5,0,450,6.10924758276437
2017,WPN,5,0,450,6.10924758276437
2017,WPN,5,3,450,6.10924758276437
2017,WPN,5,0,450,6.10924758276437
2017,WPN,5,0,450,6.10924758276437
2017,WPN,5,0,450,6.10924758276437
2017,WPN,5,0,450,6.10924758276437
2017,WPN,5,0,450,6.10924758276437
2017,WPN,5,0,450,6.10924758276437
2017,WPN,5,0,450,6.10924758276437
2017,WPN,5,0,450,6.10924758276437
2017,WPN,5,0,450,6.10924758276437
2017,WPN,5,0,450,6.10924758276437
2017,WPN,5,0,450,6.10924758276437
2017,ZED,1,28,5000,8.51719319141624
2017,ZED,1,23,5000,8.51719319141624
2017,ZED,1,18,5000,8.51719319141624
2017,ZED,1,20,5000,8.51719319141624
2017,ZED,1,19,5000,8.51719319141624
2017,ZED,1,23,5000,8.51719319141624
2017,ZED,1,17,5000,8.51719319141624
2017,ZED,1,0,5000,8.51719319141624
2017,ZED,1,8,5000,8.51719319141624
2017,ZED,1,21,5000,8.51719319141624
2017,ZED,1,16,5000,8.51719319141624
2017,ZED,1,1,5000,8.51719319141624
2017,ZED,1,11,5000,8.51719319141624
2017,ZED,1,22,5000,8.51719319141624
2017,ZED,1,0,5000,8.51719319141624
2017,ZED,1,0,5000,8.51719319141624
2017,ZED,1,20,5000,8.51719319141624
2017,ZED,1,0,5000,8.51719319141624
2017,ZED,2,16,5000,8.51719319141624
2017,ZED,2,17,5000,8.51719319141624
2017,ZED,2,7,5000,8.51719319141624
2017,ZED,2,32,5000,8.51719319141624
2017,ZED,2,19,5000,8.51719319141624
2017,ZED,2,17,5000,8.51719319141624
2017,ZED,2,11,5000,8.51719319141624
2017,ZED,2,23,5000,8.51719319141624
2017,ZED,2,12,5000,8.51719319141624
2017,ZED,2,17,5000,8.51719319141624
2017,ZED,2,2,5000,8.51719319141624
2017,ZED,2,20,5000,8.51719319141624
2017,ZED,2,9,5000,8.51719319141624
2017,ZED,2,15,5000,8.51719319141624
2017,ZED,2,24,5000,8.51719319141624
2017,ZED,2,15,5000,8.51719319141624
2017,ZED,2,11,5000,8.51719319141624
2017,ZED,2,33,5000,8.51719319141624
2017,ZED,2,9,5000,8.51719319141624
2017,ZED,2,0,5000,8.51719319141624
2017,ZED,2,0,5000,8.51719319141624
2017,ZED,2,0,5000,8.51719319141624
2017,ZED,2,0,5000,8.51719319141624
2017,ZED,3,18,5000,8.51719319141624
2017,ZED,3,23,5000,8.51719319141624
2017,ZED,3,5,5000,8.51719319141624
2017,ZED,3,9,5000,8.51719319141624
2017,ZED,3,4,5000,8.51719319141624
2017,ZED,3,21,5000,8.51719319141624
2017,ZED,3,10,5000,8.51719319141624
2017,ZED,3,11,5000,8.51719319141624
2017,ZED,3,7,5000,8.51719319141624
2017,ZED,3,19,5000,8.51719319141624
2017,ZED,4,7,5000,8.51719319141624
2017,ZED,4,6,5000,8.51719319141624
2017,ZED,4,5,5000,8.51719319141624
2017,ZED,4,2,5000,8.51719319141624
2017,ZED,4,5,5000,8.51719319141624
2017,ZED,4,9,5000,8.51719319141624
2017,ZED,4,0,5000,8.51719319141624
2017,ZED,4,0,5000,8.51719319141624
2017,ZED,4,0,5000,8.51719319141624
2017,ZED,4,13,5000,8.51719319141624
2017,ZED,5,0,5000,8.51719319141624
2015,ORZ,2,23,,
2015,ORZ,2,0,,
2015,ORZ,2,24,,
2015,ORZ,2,0,,
2015,ORZ,2,0,,
2015,ORZ,2,19,,
2015,ORZ,2,20,,
2015,ORZ,2,0,,
2015,ORZ,2,2,,
2015,ORZ,2,14,,
2015,ORZ,2,0,,
2015,ORZ,2,21,,
2015,ORZ,1,18,,
2015,ORZ,1,21,,
2015,ORZ,1,30,,
2015,ORZ,1,22,,
2015,ORZ,1,0,,
2015,ORZ,1,0,,
2015,ORZ,1,26,,
2015,ORZ,1,0,,
2015,ORZ,1,15,,
2015,ORZ,1,7,,
2015,ORZ,1,0,,
2015,ORZ,1,19,,
2015,ORZ,1,22,,
2015,ORZ,1,31,,
2015,ORZ,1,23,,
2015,ORZ,1,1,,
2015,DRO,2,29,,
2015,DRO,2,16,,
2015,DRO,2,21,,
2015,DRO,2,19,,
2015,DRO,2,10,,
2015,DRO,2,21,,
2015,DRO,2,22,,
2015,DRO,2,22,,
2015,DRO,2,17,,
2015,DRO,2,17,,
2015,DRO,2,17,,
2015,DRO,2,15,,
2015,DRO,2,16,,
2015,DRO,2,14,,
2015,DRO,2,23,,
2015,DRO,2,21,,
2015,DRO,1,32,,
2015,DRO,1,14,,
2015,DRO,1,3,,
2015,DRO,1,21,,
2015,DRO,1,15,,
2015,DRO,1,23,,
2015,DRO,1,26,,
2015,DRO,1,12,,
2015,DRO,1,21,,
2015,DRO,1,12,,
2015,DRO,1,15,,
2015,DRO,1,17,,
2015,DRO,1,22,,
2015,DRO,1,20,,
2015,DRO,1,14,,
2015,DRO,1,24,,
2015,DRO,1,20,,
2015,DRO,1,18,,
2015,DRO,1,14,,
2015,SIE,2,26,,
2015,SIE,2,17,,
2015,SIE,2,0,,
2015,SIE,2,15,,
2015,SIE,2,12,,
2015,SIE,2,0,,
2015,SIE,2,17,,
2015,SIE,2,11,,
2015,SIE,2,0,,
2015,SIE,2,19,,
2015,SIE,2,3,,
2015,SIE,2,16,,
2015,SIE,2,16,,
2015,SIE,2,11,,
2015,SIE,2,0,,
2015,SIE,1,14,,
2015,SIE,1,16,,
2015,SIE,1,16,,
2015,SIE,1,0,,
2015,SIE,1,11,,
2015,SIE,1,13,,
2015,SIE,1,14,,
2015,SIE,1,11,,
2015,SIE,1,24,,
2015,SIE,1,15,,
2015,SIE,1,12,,
2015,SIE,1,12,,
2015,SIE,1,18,,
2015,SIE,1,0,,
2015,SIE,1,13,,
2015,SIE,1,21,,
2015,SIE,1,9,,
2015,SIE,1,15,,
2015,SIE,1,0,,
2015,BOB,2,13,,
2015,BOB,2,15,,
2015,BOB,2,0,,
2015,BOB,2,12,,
2015,BOB,2,10,,
2015,BOB,2,19,,
2015,BOB,2,24,,
2015,BOB,2,18,,
2015,BOB,2,21,,
2015,BOB,2,27,,
2015,BOB,2,27,,
2015,BOB,2,0,,
2015,BOB,2,9,,
2015,BOB,2,19,,
2015,BOB,2,29,,
2015,BOB,2,6,,
2015,BOB,2,6,,
2015,BOB,2,22,,
2015,BOB,2,10,,
2015,BOB,2,21,,
2015,BOB,2,17,,
2015,BOB,2,3,,
2015,BOB,1,20,,
2015,BOB,1,4,,
2015,BOB,1,14,,
2015,BOB,1,16,,
2015,BOB,1,3,,
2015,BOB,1,16,,
2015,BOB,1,14,,
2015,BOB,1,9,,
2015,BOB,1,17,,
2015,BOB,1,1,,
2015,BOB,1,4,,
2015,BOB,1,9,,
2015,BOB,1,3,,
2015,BOB,1,10,,
2015,BOB,1,20,,
2015,BOB,1,6,,
2015,BOB,1,24,,
2015,BOB,1,24,,
2015,BOB,1,3,,
2015,BOB,1,20,,
2015,KCZ,2,15,,
2015,KCZ,2,21,,
2015,KCZ,2,20,,
2015,KCZ,2,22,,
2015,KCZ,2,24,,
2015,KCZ,2,16,,
2015,KCZ,2,18,,
2015,KCZ,2,16,,
2015,KCZ,2,18,,
2015,KCZ,2,20,,
2015,KCZ,2,25,,
2015,KCZ,2,17,,
2015,KCZ,2,27,,
2015,KCZ,2,19,,
2015,KCZ,2,15,,
2015,KCZ,2,19,,
2015,KCZ,2,15,,
2015,KCZ,1,17,,
2015,KCZ,1,19,,
2015,KCZ,1,20,,
2015,KCZ,1,16,,
2015,KCZ,1,16,,
2015,KCZ,1,16,,
2015,KCZ,1,14,,
2015,KCZ,1,20,,
2015,KCZ,1,17,,
2015,KCZ,1,21,,
2015,KCZ,1,27,,
2015,KCZ,1,15,,
2015,KCZ,1,16,,
2015,KCZ,1,17,,
2015,KCZ,1,19,,
2015,KLE,2,30,,
2015,KLE,2,0,,
2015,KLE,2,18,,
2015,KLE,2,0,,
2015,KLE,2,7,,
2015,KLE,2,20,,
2015,KLE,2,18,,
2015,KLE,1,0,,
2015,KLE,1,23,,
2015,KLE,1,6,,
2015,KLE,1,0,,
2015,KLE,1,0,,
2015,KLE,1,31,,
2015,KLE,1,7,,
2015,KLE,1,15,,
2015,KLE,1,16,,
2015,KLE,1,19,,
2015,KLE,1,8,,
2015,KLE,1,13,,
2015,WPN,2,23,,
2015,WPN,2,25,,
2015,WPN,2,22,,
2015,WPN,2,21,,
2015,WPN,2,26,,
2015,WPN,2,7,,
2015,WPN,2,34,,
2015,WPN,2,29,,
2015,WPN,2,31,,
2015,WPN,2,30,,
2015,WPN,2,26,,
2015,WPN,2,20,,
2015,WPN,2,4,,
2015,WPN,2,22,,
2015,WPN,2,15,,
2015,WPN,2,16,,
2015,WPN,2,22,,
2015,WPN,2,24,,
2015,WPN,2,13,,
2015,WPN,2,22,,
2015,WPN,2,19,,
2015,WPN,1,17,,
2015,WPN,1,24,,
2015,WPN,1,23,,
2015,WPN,1,18,,
2015,WPN,1,26,,
2015,WPN,1,19,,
2015,WPN,1,21,,
2015,WPN,1,32,,
2015,WPN,1,15,,
2015,WPN,1,37,,
2015,WPN,1,19,,
2015,WPN,1,33,,
2015,WPN,1,12,,
2015,WPN,1,27,,
2015,WPN,1,21,,
2015,WPN,1,24,,
2015,WPN,1,13,,
2015,WPN,1,12,,
2015,WPN,1,21,,
2015,WPN,1,22,,
2015,WPN,1,6,,
2015,WPN,1,27,,
2015,WPN,1,20,,
2015,BIA,2,18,,
2015,BIA,2,12,,
2015,BIA,2,4,,
2015,BIA,2,12,,
2015,BIA,2,6,,
2015,BIA,2,6,,
2015,BIA,2,11,,
2015,BIA,2,13,,
2015,BIA,2,8,,
2015,BIA,2,12,,
2015,BIA,2,15,,
2015,BIA,2,19,,
2015,BIA,2,10,,
2015,BIA,2,23,,
2015,BIA,2,11,,
2015,BIA,2,13,,
2015,BIA,2,15,,
2015,BIA,2,11,,
2015,BIA,2,16,,
2015,BIA,2,18,,
2015,BIA,2,17,,
2015,BIA,2,16,,
2015,BIA,2,0,,
2015,BIA,2,14,,
2015,BIA,2,10,,
2015,BIA,1,11,,
2015,BIA,1,10,,
2015,BIA,1,15,,
2015,BIA,1,0,,
2015,BIA,1,11,,
2015,BIA,1,13,,
2015,BIA,1,14,,
2015,BIA,1,12,,
2015,BIA,1,17,,
2015,BIA,1,5,,
2015,BIA,1,22,,
2015,BIA,1,23,,
2015,BIA,1,4,,
2015,BIA,1,12,,
2015,BIA,1,14,,
2015,BIA,1,9,,
2015,BIA,1,15,,
2015,BIA,1,16,,
2015,BIA,1,21,,
2015,BIA,1,8,,
2015,BIA,1,11,,
2015,BIA,1,7,,
2015,CZA,2,19,,
2015,CZA,2,14,,
2015,CZA,2,13,,
2015,CZA,2,15,,
2015,CZA,2,12,,
2015,CZA,2,2,,
2015,CZA,2,6,,
2015,CZA,2,22,,
2015,CZA,2,0,,
2015,CZA,2,18,,
2015,CZA,2,1,,
2015,CZA,2,6,,
2015,CZA,2,14,,
2015,CZA,2,12,,
2015,CZA,2,0,,
2015,CZA,2,0,,
2015,CZA,2,17,,
2015,CZA,1,14,,
2015,CZA,1,22,,
2015,CZA,1,12,,
2015,CZA,1,10,,
2015,CZA,1,11,,
2015,CZA,1,13,,
2015,CZA,1,19,,
2015,CZA,1,17,,
2015,CZA,1,7,,
2015,CZA,1,16,,
2015,CZA,1,15,,
2015,CZA,1,1,,
2015,CZA,1,4,,
2015,CZA,1,1,,
2015,CZA,1,12,,
2015,CZA,1,4,,
2015,CZA,1,0,,
2015,BBR,2,12,,
2015,BBR,2,20,,
2015,BBR,2,19,,
2015,BBR,2,15,,
2015,BBR,2,15,,
2015,BBR,1,14,,
2015,BBR,1,2,,
2015,BBR,1,1,,
2015,BBR,1,2,,
2015,BBR,1,0,,
2015,BBR,1,17,,
2015,BBR,1,16,,
2015,MŁG,2,13,,
2015,MŁG,2,15,,
2015,MŁG,2,20,,
2015,MŁG,2,8,,
2015,MŁG,2,8,,
2015,MŁG,2,16,,
2015,MŁG,2,12,,
2015,MŁG,2,25,,
2015,MŁG,2,0,,
2015,MŁG,2,18,,
2015,MŁG,2,16,,
2015,MŁG,2,8,,
2015,MŁG,2,0,,
2015,MŁG,2,25,,
2015,MŁG,2,1,,
2015,MŁG,2,5,,
2015,MŁG,1,11,,
2015,MŁG,1,18,,
2015,MŁG,1,12,,
2015,MŁG,1,2,,
2015,MŁG,1,16,,
2015,MŁG,1,7,,
2015,MŁG,1,8,,
2015,MŁG,1,0,,
2015,MŁG,1,12,,
2015,MŁG,1,10,,
2015,MŁG,1,12,,
2015,MŁG,1,21,,
2015,MŁG,1,11,,
2015,MŁG,1,11,,
2015,MŁG,1,12,,
2015,MŁG,1,0,,
2015,MŁG,1,5,,
2015,MŁG,1,9,,
2015,MŁG,,8,,
